<?xml version="1.0" encoding="UTF-8"?>
<!DOCTYPE resources PUBLIC "-//GlassFish.org//DTD GlassFish Application Server 3.1 Resource Definitions//EN" "http://glassfish.org/dtds/glassfish-resources_1_5.dtd">
<resources>
	<jdbc-connection-pool
		datasource-classname="org.apache.derby.jdbc.ClientDataSource"
		res-type="javax.sql.DataSource" name="java:app/jdbc/samplePool">
		<property name="PortNumber" value="1527"></property>
		<property name="Username" value="app"></property>
		<property name="Password" value="app"></property>
		<property name="serverName" value="localhost"></property>
		<property name="DatabaseName" value="sample"></property>
		<property name="connectionAttributes" value=";create=true"></property>
	</jdbc-connection-pool>
	
	<jdbc-resource pool-name="java:app/jdbc/samplePool" jndi-name="java:app/jdbc/sample"></jdbc-resource>

</resources>